,,Zig,,,,,,,,Go,,,,,,,,Rust,,,,,,,,Control,,,,,,,,All Averages,,,
,,1,2,3,4,5,Min,Max,Avg,1,2,3,4,5,Min,Max,Avg,1,2,3,4,5,Min,Max,Avg,1,2,3,4,5,Min,Max,Avg,,Zig,Go,Rust
Accept All (Sequential),perf,,,,,,,,,,,,,,,,,,,,,,,,,,,,,,,,,perf,,,
,cycles,1294820,1625020,1759358,1320438,1854986,1294820,1854986,1570924.4,2343609,1775496,1985425,1985425,2053181,1775496,2343609,2028627.2,1309042,1693391,1984181,1984181,1294440,1294440,1984181,1653047,,,,,,,,,cycles,1570924.4,2028627.2,1653047
,instructions,980473,1028463,1067817,994297,1000807,980473,1067817,1014371.4,1011969,1097009,1008595,1008595,1044678,1008595,1097009,1034169.2,1017543,980145,1004644,1004644,982023,980145,1017543,997799.8,,,,,,,,,instructions,1014371.4,1034169.2,997799.8
,cache-references,360721,389882,390542,364101,373161,360721,390542,375681.4,383604,402565,375705,375705,391707,375705,402565,385857.2,374366,371071,374842,374842,360611,360611,374842,371146.4,,,,,,,,,cache-references,375681.4,385857.2,371146.4
,cache-misses,7602,9148,9319,7571,8541,7571,9319,8436.2,9047,9740,8603,8603,9468,8603,9740,9092.2,8672,8381,8445,8445,7904,7904,8672,8369.4,,,,,,,,,cache-misses,8436.2,9092.2,8369.4
,branches,193934,204822,216947,195777,196940,193934,216947,201684,199259,222722,199440,199440,205174,199259,222722,205207,200044,192632,197271,197271,194187,192632,200044,196281,,,,,,,,,branches,201684,205207,196281
,branch-misses,9580,11442,11687,9365,11209,9365,11687,10656.6,11848,12112,10791,10791,11799,10791,12112,11468.2,10522,11447,11246,11246,9889,9889,11447,10870,,,,,,,,,branch-misses,10656.6,11468.2,10870
,page-faults,22,22,23,23,22,22,23,22.4,30,30,29,29,30,29,30,29.6,22,22,23,23,22,22,23,22.4,,,,,,,,,page-faults,22.4,29.6,22.4
,context-switches,2,1,2,1,2,1,2,1.6,1,5,2,2,5,1,5,3,4,2,2,2,1,1,4,2.2,,,,,,,,,context-switches,1.6,3,2.2
,cpu-migrations,0,0,0,0,0,0,0,0,0,0,0,0,0,0,0,0,0,0,1,1,0,0,1,0.4,,,,,,,,,cpu-migrations,0,0,0.4
,LLC-load-misses,7101,8781,8528,7688,6865,6865,8781,7792.6,11221,10973,10913,10913,12045,10913,12045,11213,5863,6926,9042,9042,6140,5863,9042,7402.6,,,,,,,,,LLC-load-misses,7792.6,11213,7402.6
,time elapsed (s),31.03288944,31.03800959,32.03438781,32.03335673,34.03962568,31.03288944,34.03962568,32.03565385,130.0769653,133.0817855,134.0852785,134.0852785,134.0800504,130.0769653,134.0852785,133.0818717,32.0326091,32.03501833,32.03790384,32.03790384,31.03379135,31.03379135,32.03790384,31.83544529,,,,,,,,,time elapsed (s),32.03565385,133.0818717,31.83544529
,dnsperf,,,,,,,,,,,,,,,,,,,,,,,,,,,,,,,,,dnsperf,,,
,Queries sent,5000000,5000000,5000000,5000000,5000000,5000000,5000000,5000000,5000000,5000000,5000000,5000000,5000000,5000000,5000000,5000000,5000000,5000000,5000000,5000000,5000000,5000000,5000000,5000000,5000000,5000000,5000000,5000000,5000000,5000000,5000000,5000000,Queries sent,5000000,5000000,5000000
,Queries completed,5000000,5000000,5000000,5000000,5000000,5000000,5000000,5000000,5000000,5000000,5000000,5000000,5000000,5000000,5000000,5000000,5000000,5000000,5000000,5000000,5000000,5000000,5000000,5000000,5000000,5000000,5000000,5000000,5000000,5000000,5000000,5000000,Queries completed,5000000,5000000,5000000
,Queries lost,0,0,0,0,0,0,0,0,0,0,0,0,0,0,0,0,0,0,0,0,0,0,0,0,0,0,0,0,0,0,0,0,Queries lost,0,0,0
,Run time (s),30.776098,30.941799,31.924824,31.76678,33.109889,30.776098,33.109889,31.703878,129.836169,132.458734,133.610797,133.610797,133.518359,129.836169,133.610797,132.6069712,31.080004,32.014263,31.251471,31.251471,30.753112,30.753112,32.014263,31.2700642,31.432797,31.124177,31.850682,33.645733,35.317257,31.124177,35.317257,32.6741292,Run time (s),31.703878,132.6069712,31.2700642
,Queries per second,162463.7405,161593.7069,156617.9347,157397.13,151012.2852,151012.2852,162463.7405,157816.9595,38510.07033,37747.60523,37422.1254,37422.1254,37448.03365,37422.1254,38510.07033,37709.992,160875.1402,156180.3875,159992.4688,159992.4688,162585.1719,156180.3875,162585.1719,159925.1274,159069.5222,160646.8181,156982.5098,148607.2543,141573.8487,141573.8487,160646.8181,153375.9906,Queries per second,157816.9595,37709.992,159925.1274
,Average Latency (s),0.000611,0.000613,0.00062,0.000626,0.000648,0.000611,0.000648,0.0006236,0.002525,0.002578,0.002597,0.002597,0.002599,0.002525,0.002599,0.0025792,0.000616,0.00063,0.000619,0.000619,0.000611,0.000611,0.00063,0.000619,0.000622,0.000614,0.000627,0.000655,0.000683,0.000614,0.000683,0.0006402,Average Latency (s),0.0006236,0.0025792,0.000619
,Min Latency (s),0.000018,0.000025,0.00002,0.000024,0.000021,0.000018,0.000025,0.0000216,0.000036,0.000032,0.00004,0.00004,0.000033,0.000032,0.00004,0.0000362,0.000016,0.000016,0.000016,0.000016,0.000044,0.000016,0.000044,0.0000216,0.000012,0.000014,0.000015,0.000011,0.000014,0.000011,0.000015,0.0000132,Min Latency (s),0.0000216,0.0000362,0.0000216
,Max Latency (s),0.002329,0.012463,0.005351,0.006751,0.003404,0.002329,0.012463,0.0060596,0.012831,0.011559,0.010697,0.010697,0.011842,0.010697,0.012831,0.0115252,0.005262,0.004786,0.011684,0.011684,0.002022,0.002022,0.011684,0.0070876,0.004466,0.001833,0.001839,0.004463,0.004467,0.001833,0.004467,0.0034136,Max Latency (s),0.0060596,0.0115252,0.0070876
,Latency StdDev (s),0.000038,0.000085,0.000086,0.000122,0.00018,0.000038,0.00018,0.0001022,0.00064,0.000663,0.000672,0.000672,0.00067,0.00064,0.000672,0.0006634,0.000053,0.000132,0.000117,0.000117,0.000033,0.000033,0.000132,0.0000904,0.000105,0.000069,0.000133,0.000211,0.000263,0.000069,0.000263,0.0001562,Latency StdDev (s),0.0001022,0.0006634,0.0000904
Accept All (Maximum Concurrency),perf,,,,,,,,,,,,,,,,,,,,,,,,,,,,,,,,,perf,,,
,cycles,1949996,1669358,2153635,2183756,1953431,1669358,2183756,1982035.2,1982494,3958031,1964553,2173244,1480551,1480551,3958031,2311774.6,2200328,2288123,1893322,2096407,2093887,1893322,2288123,2114413.4,,,,,,,,,cycles,1982035.2,2311774.6,2114413.4
,instructions,1008800,989431,996754,1004016,996489,989431,1008800,999098,1011307,1628495,1049337,1035141,1011064,1011064,1628495,1147068.8,997269,998995,996133,991205,982779,982779,998995,993276.2,,,,,,,,,instructions,999098,1147068.8,993276.2
,cache-references,379673,370561,379361,381732,373811,370561,381732,377027.6,382389,627779,395328,396057,377982,377982,627779,435907,374733,378769,372705,377278,369196,369196,378769,374536.2,,,,,,,,,cache-references,377027.6,435907,374536.2
,cache-misses,8361,8785,8880,8830,8921,8361,8921,8755.4,8840,17069,9486,10312,8496,8496,17069,10840.6,9677,8805,8743,8791,8544,8544,9677,8912,,,,,,,,,cache-misses,8755.4,10840.6,8912
,branches,197990,194691,196165,197646,195276,194691,197990,196353.6,198421,320204,206447,201976,199828,198421,320204,225375.2,194795,197162,195324,195017,193370,193370,197162,195133.6,,,,,,,,,branches,196353.6,225375.2,195133.6
,branch-misses,12008,10375,12019,12142,10694,10375,12142,11447.6,11540,25981,13303,11924,10471,10471,25981,14643.8,9644,11891,10475,11881,10900,9644,11891,10958.2,,,,,,,,,branch-misses,11447.6,14643.8,10958.2
,page-faults,23,23,22,22,22,22,23,22.4,29,29,29,30,29,29,30,29.2,22,23,22,23,23,22,23,22.6,,,,,,,,,page-faults,22.4,29.2,22.6
,context-switches,3,2,3,4,3,2,4,3,2,29,5,2,2,2,29,8,2,3,2,2,1,1,3,2,,,,,,,,,context-switches,3,8,2
,cpu-migrations,2,0,0,0,0,0,2,0.4,0,3,0,1,0,0,3,0.8,0,1,1,0,0,0,1,0.4,,,,,,,,,cpu-migrations,0.4,0.8,0.4
,LLC-load-misses,9077,8706,9148,10580,8492,8492,10580,9200.6,9287,20094,13517,13150,8232,8232,20094,12856,11491,10912,11249,9786,10381,9786,11491,10763.8,,,,,,,,,LLC-load-misses,9200.6,12856,10763.8
,time elapsed (s),121.1234675,120.1248435,119.1208723,118.1280819,117.1256677,117.1256677,121.1234675,119.1245866,113.0764118,114.0766439,115.0771142,115.0809224,115.0655304,113.0764118,115.0809224,114.4753246,149.1500424,149.1512949,147.1486382,148.1482551,148.1479061,147.1486382,149.1512949,148.3492273,,,,,,,,,time elapsed (s),119.1245866,114.4753246,148.3492273
,dnsperf,,,,,,,,,,,,,,,,,,,,,,,,,,,,,,,,,dnsperf,,,
,Queries sent,5000000,5000000,5000000,5000000,5000000,5000000,5000000,5000000,5000000,5000000,5000000,5000000,5000000,5000000,5000000,5000000,5000000,5000000,5000000,5000000,5000000,5000000,5000000,5000000,,,,,,,,,Queries sent,5000000,5000000,5000000
,Queries completed,5000000,5000000,5000000,5000000,5000000,5000000,5000000,5000000,5000000,5000000,5000000,5000000,5000000,5000000,5000000,5000000,4999999,4999995,4999996,4999996,4999994,4999994,4999999,4999996,,,,,,,,,Queries completed,5000000,5000000,4999996
,Queries lost,0,0,0,0,0,0,0,0,0,0,0,0,0,0,0,0,1,5,4,4,6,1,6,4,,,,,,,,,Queries lost,0,0,4
,Run time (s),121.041057,119.399084,118.914037,117.51418,116.172131,116.172131,121.041057,118.6080978,112.402704,113.24238,114.27191,114.230357,114.369563,112.402704,114.369563,113.7033828,148.401287,148.950774,146.926277,147.550096,147.734861,146.926277,148.950774,147.912659,,,,,,,,,Run time (s),118.6080978,113.7033828,147.912659
,Queries per second,41308.29756,41876.36816,42047.18069,42548.05675,43039.58236,41308.29756,43039.58236,42163.89711,44482.91564,44153.08121,43755.28509,43771.20173,43717.9252,43717.9252,44482.91564,43976.08177,33692.42344,33568.10351,34030.64518,33886.76887,33844.37476,33568.10351,34030.64518,33804.46315,,,,,,,,,Queries per second,42163.89711,43976.08177,33804.46315
,Average Latency (s),0.002404,0.002372,0.002364,0.002333,0.002305,0.002305,0.002404,0.0023556,0.002084,0.002103,0.002122,0.002123,0.002123,0.002084,0.002123,0.002111,0.002921,0.002939,0.002896,0.00291,0.002912,0.002896,0.002939,0.0029156,,,,,,,,,Average Latency (s),0.0023556,0.002111,0.0029156
,Min Latency (s),0.000056,0.000056,0.000054,0.000048,0.000049,0.000048,0.000056,0.0000526,0.000053,0.000052,0.000047,0.000053,0.000043,0.000043,0.000053,0.0000496,0.000104,0.000082,0.000077,0.000084,0.000069,0.000069,0.000104,0.0000832,,,,,,,,,Min Latency (s),0.0000526,0.0000496,0.0000832
,Max Latency (s),0.019346,0.007957,0.016359,0.019439,0.007893,0.007893,0.019439,0.0141988,0.01256,0.010158,0.010508,0.009654,0.009157,0.009157,0.01256,0.0104074,0.010111,0.014554,0.014683,0.013583,0.01397,0.010111,0.014683,0.0133802,,,,,,,,,Max Latency (s),0.0141988,0.0104074,0.0133802
,Latency StdDev (s),0.000492,0.000449,0.000449,0.000456,0.00045,0.000449,0.000492,0.0004592,0.000693,0.000694,0.000709,0.0007,0.000699,0.000693,0.000709,0.000699,0.00056,0.000491,0.000538,0.000506,0.000523,0.000491,0.00056,0.0005236,,,,,,,,,Latency StdDev (s),0.0004592,0.000699,0.0005236
Accept All (Worker Threads),perf,,,,,,,,,,,,,,,,,,,,,,,,,,,,,,,,,perf,,,
,cycles,1774488,2014988,1560587,1596539,2011236,1560587,2014988,1791567.6,2338903,2255069,1949022,1508398,2234672,1508398,2338903,2057212.8,2122236,2514958,2050286,2129397,1965825,1965825,2514958,2156540.4,,,,,,,,,cycles,1791567.6,2057212.8,2156540.4
,instructions,1016396,1047408,986694,996083,1006236,986694,1047408,1010563.4,1024245,1034924,1021503,1016598,1004028,1004028,1034924,1020259.6,996880,1004804,1003429,992299,1031640,992299,1031640,1005810.4,,,,,,,,,instructions,1010563.4,1020259.6,1005810.4
,cache-references,382950,384415,372394,373678,378638,372394,384415,378415,389365,394882,387562,375988,372356,372356,394882,384030.6,374007,377472,374958,372262,391551,372262,391551,378050,,,,,,,,,cache-references,378415,384030.6,378050
,cache-misses,9388,8351,8645,8724,8978,8351,9388,8817.2,9286,10512,8872,8998,8757,8757,10512,9285,9218,9520,8518,8033,9749,8033,9749,9007.6,,,,,,,,,cache-misses,8817.2,9285,9007.6
,branches,198249,215340,193516,194605,196638,193516,215340,199669.6,201096,203033,201309,200486,197812,197812,203033,200747.2,194797,196841,197333,196300,201594,194797,201594,197373,,,,,,,,,branches,199669.6,200747.2,197373
,branch-misses,11334,12405,11093,11206,11217,11093,12405,11451,11961,12005,12677,9756,9394,9394,12677,11158.6,9905,10784,11615,11442,12735,9905,12735,11296.2,,,,,,,,,branch-misses,11451,11158.6,11296.2
,page-faults,23,23,22,23,22,22,23,22.6,29,29,30,30,29,29,30,29.4,23,22,22,23,23,22,23,22.6,,,,,,,,,page-faults,22.6,29.4,22.6
,context-switches,3,4,2,1,2,1,4,2.4,2,6,2,2,1,1,6,2.6,2,2,2,2,5,2,5,2.6,,,,,,,,,context-switches,2.4,2.6,2.6
,cpu-migrations,0,1,0,0,0,0,1,0.2,1,0,1,0,0,0,1,0.4,0,1,0,0,0,0,1,0.2,,,,,,,,,cpu-migrations,0.2,0.4,0.2
,LLC-load-misses,7968,8681,6878,7752,11004,6878,11004,8456.6,11574,12407,10708,8465,11348,8465,12407,10900.4,14973,13968,13362,12971,14746,12971,14973,14004,,,,,,,,,LLC-load-misses,8456.6,10900.4,14004
,time elapsed (s),54.0544072,55.05663988,54.05394085,55.05522146,55.05620888,54.05394085,55.05663988,54.65528365,105.063083,106.0672706,106.0631734,106.0646311,106.0677102,105.063083,106.0677102,105.8651737,38.04070283,37.04091819,36.04459703,36.03842174,35.03503114,35.03503114,38.04070283,36.43993419,,,,,,,,,time elapsed (s),54.65528365,105.8651737,36.43993419
,dnsperf,,,,,,,,,,,,,,,,,,,,,,,,,,,,,,,,,dnsperf,,,
,Queries sent,5000000,5000000,5000000,5000000,5000000,5000000,5000000,5000000,5000000,5000000,5000000,5000000,5000000,5000000,5000000,5000000,5000000,5000000,5000000,5000000,5000000,5000000,5000000,5000000,,,,,,,,,Queries sent,5000000,5000000,5000000
,Queries completed,5000000,5000000,5000000,5000000,5000000,5000000,5000000,5000000,5000000,5000000,5000000,5000000,5000000,5000000,5000000,5000000,4999998,4999999,4999997,4999999,4999997,4999997,4999999,4999998,,,,,,,,,Queries completed,5000000,5000000,4999998
,Queries lost,0,0,0,0,0,0,0,0,0,0,0,0,0,0,0,0,2,1,3,1,3,1,3,2,,,,,,,,,Queries lost,0,0,2
,Run time (s),53.799966,54.355859,54.054482,54.413165,54.695079,53.799966,54.695079,54.2637102,104.829796,105.474264,105.404688,105.52408,105.595789,104.829796,105.595789,105.3657234,37.168191,35.986218,35.2923,35.5665,34.669763,34.669763,37.168191,35.7365944,,,,,,,,,Run time (s),54.2637102,105.3657234,35.7365944
,Queries per second,92936.86171,91986.40389,92499.26768,91889.5271,91415.90233,91415.90233,92936.86171,92145.59254,47696.36297,47404.92904,47436.22029,47382.55003,47350.37303,47350.37303,47696.36297,47454.08707,134523.5769,138942.0528,141673.8779,140581.6991,144217.8015,134523.5769,144217.8015,139987.8016,,,,,,,,,Queries per second,92145.59254,47454.08707,139987.8016
,Average Latency (s),0.00103,0.00104,0.001026,0.001033,0.001048,0.001026,0.001048,0.0010354,0.001946,0.00196,0.001965,0.001961,0.001961,0.001946,0.001965,0.0019586,0.000465,0.0004,0.000394,0.00039,0.000363,0.000363,0.000465,0.0004024,,,,,,,,,Average Latency (s),0.0010354,0.0019586,0.0004024
,Min Latency (s),0.000021,0.000024,0.00002,0.000021,0.000023,0.00002,0.000024,0.0000218,0.000038,0.00004,0.000043,0.000036,0.00004,0.000036,0.000043,0.0000394,0.000013,0.000013,0.000013,0.000014,0.000013,0.000013,0.000014,0.0000132,,,,,,,,,Min Latency (s),0.0000218,0.0000394,0.0000132
,Max Latency (s),0.006042,0.004459,0.0042,0.00947,0.006451,0.0042,0.00947,0.0061244,0.008118,0.012016,0.011955,0.009766,0.010215,0.008118,0.012016,0.010414,0.027809,0.020391,0.009216,0.013308,0.023527,0.009216,0.027809,0.0188502,,,,,,,,,Max Latency (s),0.0061244,0.010414,0.0188502
,Latency StdDev (s),0.000182,0.000187,0.00019,0.000204,0.000178,0.000178,0.000204,0.0001882,0.000639,0.000649,0.00065,0.000653,0.000648,0.000639,0.000653,0.0006478,0.000368,0.000349,0.000346,0.00038,0.000358,0.000346,0.00038,0.0003602,,,,,,,,,Latency StdDev (s),0.0001882,0.0006478,0.0003602
DNS Filter (Sequential),perf,,,,,,,,,,,,,,,,,,,,,,,,,,,,,,,,,perf,,,
,cycles,1777920,1705576,1888081,2004972,1916465,1705576,2004972,1858602.8,2020968,2422980,1757215,1902298,2104814,1757215,2422980,2041655,1797926,1524972,1898175,2009335,1748784,1524972,2009335,1795838.4,,,,,,,,,cycles,1858602.8,2041655,1795838.4
,instructions,996953,1040282,1013672,1019196,1000069,996953,1040282,1014034.4,1018905,1051755,1024158,1020713,1021015,1018905,1051755,1027309.2,992809,997978,1009326,1016070,995178,992809,1016070,1002272.2,,,,,,,,,instructions,1014034.4,1027309.2,1002272.2
,cache-references,367641,381925,382090,383699,376240,367641,383699,378319,387405,396019,382703,381638,384313,381638,396019,386415.6,373591,372582,380446,382049,374519,372582,382049,376637.4,,,,,,,,,cache-references,378319,386415.6,376637.4
,cache-misses,8017,8819,8857,8888,8178,8017,8888,8551.8,8896,10493,8912,8373,8838,8373,10493,9102.4,8061,8000,8835,8882,8742,8000,8882,8504,,,,,,,,,cache-misses,8551.8,9102.4,8504
,branches,196577,212794,199092,200197,197787,196577,212794,201289.4,200431,205992,202328,201327,201896,200431,205992,202394.8,196381,197359,197930,199996,194921,194921,199996,197317.4,,,,,,,,,branches,201289.4,202394.8,197317.4
,branch-misses,10037,11221,11632,12198,11986,10037,12198,11414.8,12411,10775,10894,11517,11981,10775,12411,11515.6,11214,11174,11682,11460,11000,11000,11682,11306,,,,,,,,,branch-misses,11414.8,11515.6,11306
,page-faults,23,22,22,23,22,22,23,22.4,30,30,29,30,30,29,30,29.8,22,23,22,22,23,22,23,22.4,,,,,,,,,page-faults,22.4,29.8,22.4
,context-switches,4,2,4,3,3,2,4,3.2,3,2,3,2,1,1,3,2.2,2,2,4,1,1,1,4,2,,,,,,,,,context-switches,3.2,2.2,2
,cpu-migrations,0,0,0,1,0,0,1,0.2,0,1,1,1,0,0,1,0.6,0,0,0,0,0,0,0,0,,,,,,,,,cpu-migrations,0.2,0.6,0
,LLC-load-misses,9295,7619,8202,10446,7760,7619,10446,8664.4,11551,12696,9899,11212,11152,9899,12696,11302,7284,6578,7983,8416,6901,6578,8416,7432.4,,,,,,,,,LLC-load-misses,8664.4,11302,7432.4
,time elapsed (s),80.08144965,81.08371257,81.08589106,81.08501094,80.08737011,80.08144965,81.08589106,80.68468687,133.0868059,134.0819345,134.0779214,134.0880469,134.0746834,133.0868059,134.0880469,133.8818784,83.08604636,81.1099874,83.09101395,80.09317873,80.08129462,80.08129462,83.09101395,81.49230421,,,,,,,,,time elapsed (s),80.68468687,133.8818784,81.49230421
,dnsperf,,,,,,,,,,,,,,,,,,,,,,,,,,,,,,,,,dnsperf,,,
,Queries sent,5000000,5000000,5000000,5000000,5000000,5000000,5000000,5000000,5000000,5000000,5000000,5000000,5000000,5000000,5000000,5000000,5000000,5000000,5000000,5000000,5000000,5000000,5000000,5000000,,,,,,,,,Queries sent,5000000,5000000,5000000
,Queries completed,4950249,4950249,4950249,4950249,4950249,4950249,4950249,4950249,4950273,4950007,4950074,4950138,4950123,4950007,4950273,4950123,4949853,4950175,4949890,4950183,4949769,4949769,4950183,4949974,,,,,,,,,Queries completed,4950249,4950123,4949974
,Queries lost,49751,49751,49751,49751,49751,49751,49751,49751,49727,49993,49926,49862,49877,49727,49993,49877,50147,49825,50110,49817,50231,49817,50231,50026,,,,,,,,,Queries lost,49751,49877,50026
,Run time (s),79.165028,80.30557,80.705437,80.324898,79.913622,79.165028,80.705437,80.082911,132.775161,133.786053,133.347748,133.674701,133.234227,132.775161,133.786053,133.363578,82.050605,80.601824,82.298378,79.736315,79.386722,79.386722,82.298378,80.8147688,,,,,,,,,Run time (s),80.082911,133.363578,80.8147688
,Queries per second,62530.75537,61642.66065,61337.24299,61627.82802,61944.99606,61337.24299,62530.75537,61816.69662,37283.12557,36999.42475,37121.54179,37031.22553,37153.53863,36999.42475,37283.12557,37117.77125,60326.83123,61415.17343,60145.65682,62081.91337,62350.08671,60145.65682,62350.08671,61263.93231,,,,,,,,,Queries per second,61816.69662,37117.77125,61263.93231
,Average Latency (s),0.000288,0.0003,0.000309,0.000295,0.000293,0.000288,0.000309,0.000297,0.00161,0.001626,0.001619,0.001627,0.001615,0.00161,0.001627,0.0016194,0.000303,0.000295,0.000306,0.000297,0.000306,0.000295,0.000306,0.0003014,,,,,,,,,Average Latency (s),0.000297,0.0016194,0.0003014
,Min Latency (s),0.000015,0.000014,0.000014,0.000013,0.000014,0.000013,0.000015,0.000014,0.000034,0.000033,0.000032,0.000034,0.000033,0.000032,0.000034,0.0000332,0.000016,0.000015,0.000015,0.000016,0.000015,0.000015,0.000016,0.0000154,,,,,,,,,Min Latency (s),0.000014,0.0000332,0.0000154
,Max Latency (s),0.010896,0.003139,0.004034,0.003691,0.002215,0.002215,0.010896,0.004795,0.009021,0.009667,0.039047,0.009615,0.044222,0.009021,0.044222,0.0223144,0.003387,0.004603,0.004304,0.006261,0.008298,0.003387,0.008298,0.0053706,,,,,,,,,Max Latency (s),0.004795,0.0223144,0.0053706
,Latency StdDev (s),0.000207,0.000224,0.000213,0.000215,0.000228,0.000207,0.000228,0.0002174,0.000537,0.000539,0.000552,0.000533,0.00056,0.000533,0.00056,0.0005442,0.00021,0.000222,0.000209,0.000225,0.000216,0.000209,0.000225,0.0002164,,,,,,,,,Latency StdDev (s),0.0002174,0.0005442,0.0002164
DNS Filter (Worker Threads),perf,,,,,,,,,,,,,,,,,,,,,,,,,,,,,,,,,perf,,,
,cycles,1308820,2141317,2074912,1781750,1647399,1308820,2141317,1790839.6,2340344,2180750,1884743,2037821,2043869,1884743,2340344,2097505.4,2137673,2381519,2254492,2111846,2133964,2111846,2381519,2203898.8,,,,,,,,,cycles,1790839.6,2097505.4,2203898.8
,instructions,975839,992811,1017104,992051,994692,975839,1017104,994499.4,1056571,1022963,1031435,1010655,1028597,1010655,1056571,1030044.2,1034576,1003929,1004800,1008041,996807,996807,1034576,1009630.6,,,,,,,,,instructions,994499.4,1030044.2,1009630.6
,cache-references,360212,369421,385934,372757,374348,360212,385934,372534.4,381749,380425,385104,375867,388772,375867,388772,382383.4,385401,377116,371021,377402,374340,371021,385401,377056,,,,,,,,,cache-references,372534.4,382383.4,377056
,cache-misses,7738,8270,9227,9078,8604,7738,9227,8583.4,9413,9448,9557,9218,8658,8658,9557,9258.8,8547,8895,9103,8585,8841,8547,9103,8794.2,,,,,,,,,cache-misses,8583.4,9258.8,8794.2
,branches,193146,195078,199162,194501,195502,193146,199162,195477.8,213781,201344,202155,198715,202699,198715,213781,203738.8,202081,199083,199030,198619,196014,196014,202081,198965.4,,,,,,,,,branches,195477.8,203738.8,198965.4
,branch-misses,9588,10851,12227,11143,11360,9588,12227,11033.8,9463,10530,10663,9634,12485,9463,12485,10555,11780,11125,9733,10911,10744,9733,11780,10858.6,,,,,,,,,branch-misses,11033.8,10555,10858.6
,page-faults,22,22,23,22,23,22,23,22.4,29,29,30,30,30,29,30,29.6,23,23,22,23,22,22,23,22.6,,,,,,,,,page-faults,22.4,29.6,22.6
,context-switches,2,2,4,2,1,1,4,2.2,2,2,2,2,4,2,4,2.4,2,2,1,2,2,1,2,1.8,,,,,,,,,context-switches,2.2,2.4,1.8
,cpu-migrations,0,1,0,0,1,0,1,0.4,0,0,0,0,1,0,1,0.2,0,0,0,0,0,0,0,0,,,,,,,,,cpu-migrations,0.4,0.2,0
,LLC-load-misses,7184,9249,9781,7447,6851,6851,9781,8102.4,11388,11305,11651,11295,10565,10565,11651,11240.8,13240,13586,14064,13693,14267,13240,14267,13770,,,,,,,,,LLC-load-misses,8102.4,11240.8,13770
,time elapsed (s),65.06523223,65.06469461,66.0657481,64.06414909,65.06502056,64.06414909,66.0657481,65.06496892,106.0551781,107.0688956,107.0630925,106.0609519,107.0528117,106.0551781,107.0688956,106.660186,34.03899291,35.03903155,36.04201087,34.0379727,35.04097274,34.0379727,36.04201087,34.83979615,,,,,,,,,time elapsed (s),65.06496892,106.660186,34.83979615
,dnsperf,,,,,,,,,,,,,,,,,,,,,,,,,,,,,,,,,dnsperf,,,
,Queries sent,5000000,5000000,5000000,5000000,5000000,5000000,5000000,5000000,5000000,5000000,5000000,5000000,5000000,5000000,5000000,5000000,5000000,5000000,5000000,5000000,5000000,5000000,5000000,5000000,,,,,,,,,Queries sent,5000000,5000000,5000000
,Queries completed,4950262,4949849,4950100,4950063,4950264,4949849,4950264,4950107.6,4949706,4949625,4949921,4949744,4950050,4949625,4950050,4949809.2,4789528,4777153,4776782,4793768,4773589,4773589,4793768,4782164,,,,,,,,,Queries completed,4950107.6,4949809.2,4782164
,Queries lost,49738,50151,49900,49937,49736,49736,50151,49892.4,50294,50375,50079,50256,49950,49950,50375,50190.8,210472,222847,223218,206232,226411,206232,226411,217836,,,,,,,,,Queries lost,49892.4,50190.8,217836
,Run time (s),64.521755,64.593802,65.806041,63.321917,64.603784,63.321917,65.806041,64.5694598,105.521108,105.999168,106.34499,105.826665,106.131125,105.521108,106.34499,105.9646112,33.466029,34.15692,35.014949,33.157992,34.131597,33.157992,35.014949,33.9854974,,,,,,,,,Run time (s),64.5694598,105.9646112,33.9854974
,Queries per second,76722.37062,76630.40178,75222.57721,78172.98077,76624.98531,75222.57721,78172.98077,76674.66314,46907.25954,46694.94198,46545.87865,46772.18166,46640.88881,46545.87865,46907.25954,46712.23013,143116.1134,139859.0095,136421.2183,144573.5315,139858.3547,136421.2183,144573.5315,140765.6455,,,,,,,,,Queries per second,76674.66314,46712.23013,140765.6455
,Average Latency (s),0.000188,0.000191,0.000188,0.000189,0.000194,0.000188,0.000194,0.00019,0.001006,0.001015,0.001028,0.001015,0.001025,0.001006,0.001028,0.0010178,0.001253,0.001253,0.001364,0.001253,0.001218,0.001218,0.001364,0.0012682,,,,,,,,,Average Latency (s),0.00019,0.0010178,0.0012682
,Min Latency (s),0.00002,0.000021,0.000021,0.000021,0.000021,0.00002,0.000021,0.0000208,0.000039,0.000038,0.000041,0.000037,0.000036,0.000036,0.000041,0.0000382,0.000015,0.000015,0.000014,0.000015,0.000014,0.000014,0.000015,0.0000146,,,,,,,,,Min Latency (s),0.0000208,0.0000382,0.0000146
,Max Latency (s),0.005449,0.040393,0.034819,0.004875,0.003079,0.003079,0.040393,0.017723,0.00855,0.007511,0.04208,0.007341,0.007284,0.007284,0.04208,0.0145532,0.03872,0.03724,0.040401,0.017629,0.063211,0.017629,0.063211,0.0394402,,,,,,,,,Max Latency (s),0.017723,0.0145532,0.0394402
,Latency StdDev (s),0.000166,0.000177,0.000179,0.000157,0.00018,0.000157,0.00018,0.0001718,0.000457,0.000458,0.000477,0.000458,0.000459,0.000457,0.000477,0.0004618,0.000699,0.000712,0.000761,0.000621,0.000797,0.000621,0.000797,0.000718,,,,,,,,,Latency StdDev (s),0.0001718,0.0004618,0.000718
,,,,,,,,,,,,,,,,,,,,,,,,,,,,,,,,,,,,,
,,,,,,,,,,,,,,,,,,,,,,,,,,,,,,,,,,,,,
,,,,,,,,,,,,,,,,,,,,,,,,,,,,,,,,,,,,,
,,,,,,,,,,,,,,,,,,,,,,,,,,,,,,,,,,,,,
,,,,,,,,,,,,,,,,,,,,,,,,,,,,,,,,,,,,,
,,,,,,,,,,,,,,,,,,,,,,,,,,,,,,,,,,,,,
,,,,,,,,,,,,,,,,,,,,,,,,,,,,,,,,,,,,,
,,,,,,,,,,,,,,,,,,,,,,,,,,,,,,,,,,,,,
,,,,,,,,,,,,,,,,,,,,,,,,,,,,,,,,,,,,,
,,,,,,,,,,,,,,,,,,,,,,,,,,,,,,,,,,,,,
,,,,,,,,,,,,,,,,,,,,,,,,,,,,,,,,,,,,,
,,,,,,,,,,,,,,,,,,,,,,,,,,,,,,,,,,,,,
,,,,,,,,,,,,,,,,,,,,,,,,,,,,,,,,,,,,,
,,,,,,,,,,,,,,,,,,,,,,,,,,,,,,,,,,,,,
,,,,,,,,,,,,,,,,,,,,,,,,,,,,,,,,,,,,,
,,,,,,,,,,,,,,,,,,,,,,,,,,,,,,,,,,,,,
Accept all + decode qname,perf,,,,,,,,,,,,,,,,,,,,,,,,,,,,,,,,,,,,
,cycles,"1,212,613","1,932,387","1,657,728","1,769,794","1,561,392",1212613,1932387,1626782.8,"1,976,856","2,036,909","2,002,273","2,163,165","1,981,238",1976856,2163165,2032088.2,,,,,,,,,,,,,,,,,,,,
,instructions,"974,532","1,066,899","998,153","991,940","998,325",974532,1066899,1005969.8,"1,003,986","1,016,533","1,016,836","1,006,258","995,377",995377,1016836,1007798,,,,,,,,,,,,,,,,,,,,
,cache-references,"358,075","385,543","371,550","370,642","371,189",358075,385543,371399.8,"378,084","378,556","382,875","373,754","369,279",369279,382875,376509.6,,,,,,,,,,,,,,,,,,,,
,cache-misses,"7,785","8,729","8,576","8,272","7,922",7785,8729,8256.8,"8,898","8,810","8,921","9,052","8,444",8444,9052,8825,,,,,,,,,,,,,,,,,,,,
,branches,"192,842","219,143","196,703","196,322","196,637",192842,219143,200329.4,"197,842","200,591","199,859","197,463","195,993",195993,200591,198349.6,,,,,,,,,,,,,,,,,,,,
,branch-misses,"9,326","11,269","11,179","11,147","10,702",9326,11269,10724.6,"11,268","10,571","11,513","9,642","9,870",9642,11513,10572.8,,,,,,,,,,,,,,,,,,,,
,page-faults,22,22,23,23,22,22,23,22.4,29,29,30,30,29,29,30,29.4,,,,,,,,,,,,,,,,,,,,
,context-switches,2,3,3,2,2,2,3,2.4,2,3,2,1,1,1,3,1.8,,,,,,,,,,,,,,,,,,,,
,cpu-migrations,0,0,1,0,0,0,1,0.2,0,0,1,0,0,0,1,0.2,,,,,,,,,,,,,,,,,,,,
,LLC-load-misses,"5,838","7,771","9,038","7,708","7,882",5838,9038,7647.4,"10,092","9,842","11,472","11,047","11,311",9842,11472,10752.8,,,,,,,,,,,,,,,,,,,,
,time elapsed (s),33.03418879,32.03209196,32.0361648,31.03104926,32.03243162,31.03104926,33.03418879,32.03318529,135.0832154,133.0784987,134.0774003,135.0818614,136.0840584,133.0784987,136.0840584,134.6810068,,,,,,,,,,,,,,,,,,,,
,dnsperf,,,,,,,,,,,,,,,,,,,,,,,,,,,,,,,,,,,,
,Queries sent,5000000,5000000,5000000,5000000,5000000,5000000,5000000,5000000,5000000,5000000,5000000,5000000,5000000,5000000,5000000,5000000,,,,,,,,,,,,,,,,,,,,
,Queries completed,5000000,5000000,5000000,5000000,5000000,5000000,5000000,5000000,5000000,5000000,5000000,5000000,5000000,5000000,5000000,5000000,,,,,,,,,,,,,,,,,,,,
,Queries lost,0,0,0,0,0,0,0,0,0,0,0,0,0,,,,,,,,,,,,,,,,,,,,,,,
,Run time (s),32.667699,31.20674,31.326804,31.025775,31.439817,31.025775,32.667699,31.533367,134.479046,132.675917,133.428077,134.933148,135.326957,132.675917,135.326957,134.168629,,,,,,,,,,,,,,,,,,,,
,Queries per second,153056.3876,160221.7982,159607.7276,161156.3289,159034.0046,153056.3876,161156.3289,158615.2494,37180.51361,37685.81453,37473.37227,37055.38687,36947.55362,36947.55362,37685.81453,37268.52818,,,,,,,,,,,,,,,,,,,,
,Average Latency (s),0.000644,0.000611,0.000616,0.00061,0.000619,0.00061,0.000644,0.00062,0.00261,0.002574,0.002589,0.002622,0.002629,0.002574,0.002629,0.0026048,,,,,,,,,,,,,,,,,,,,
,Min Latency (s),0.000013,0.000013,0.000015,0.000013,0.000013,0.000013,0.000015,0.0000134,0.000036,0.000032,0.000036,0.000038,0.000035,0.000032,0.000038,0.0000354,,,,,,,,,,,,,,,,,,,,
,Max Latency (s),0.00516,0.004712,0.01067,0.006558,0.009679,0.004712,0.01067,0.0073558,0.012028,0.009434,0.010245,0.010746,0.012413,0.009434,0.012413,0.0109732,,,,,,,,,,,,,,,,,,,,
,Latency StdDev (s),0.000089,0.000078,0.000111,0.00008,0.000119,0.000078,0.000119,0.0000954,0.000689,0.000664,0.000681,0.000686,0.000683,0.000664,0.000689,0.0006806,,,,,,,,,,,,,,,,,,,,
Accept All (Worker Threads + Receiver Thread + Batch),perf,,,,,,,,,,,,,,,,,,,,,,,,,,,,,,,,,,,,
,cycles,2689269,1551809,2179254,1923010,1424686,1424686,2689269,1953605.6,,,,,,,,,,,,,,,,,,,,,,,,,,,,
,instructions,1270884,991256,990917,1009476,994129,990917,1270884,1051332.4,,,,,,,,,,,,,,,,,,,,,,,,,,,,
,cache-references,455036,374932,374850,381886,371103,371103,455036,391561.4,,,,,,,,,,,,,,,,,,,,,,,,,,,,
,cache-misses,11433,9073,8572,9474,8981,8572,11433,9506.6,,,,,,,,,,,,,,,,,,,,,,,,,,,,
,branches,246141,194094,195029,197181,195481,194094,246141,205585.2,,,,,,,,,,,,,,,,,,,,,,,,,,,,
,branch-misses,10918,10900,11574,11890,9854,9854,11890,11027.2,,,,,,,,,,,,,,,,,,,,,,,,,,,,
,page-faults,22,23,22,23,23,22,23,22.6,,,,,,,,,,,,,,,,,,,,,,,,,,,,
,context-switches,2,2,3,3,1,1,3,2.2,,,,,,,,,,,,,,,,,,,,,,,,,,,,
,cpu-migrations,1,0,0,0,0,0,1,0.2,,,,,,,,,,,,,,,,,,,,,,,,,,,,
,LLC-load-misses,12128,6892,11109,10238,6622,6622,12128,9397.8,,,,,,,,,,,,,,,,,,,,,,,,,,,,
,time elapsed (s),74.07378505,72.07505426,72.07533199,71.07116475,72.07236424,71.07116475,74.07378505,72.27354006,,,,,,,,,,,,,,,,,,,,,,,,,,,,
,dnsperf,,,,,,,,,,,,,,,,,,,,,,,,,,,,,,,,,,,,
,Queries sent,5000000,5000000,5000000,5000000,5000000,5000000,5000000,5000000,,,,,,,,,,,,,,,,,,,,,,,,,,,,
,Queries completed,5000000,5000000,5000000,5000000,5000000,5000000,5000000,5000000,,,,,,,,,,,,,,,,,,,,,,,,,,,,
,Queries lost,0,0,0,0,0,0,0,0,,,,,,,,,,,,,,,,,,,,,,,,,,,,
,Run time (s),73.720449,71.84308,71.567567,70.111762,72.061756,70.111762,73.720449,71.8609228,,,,,,,,,,,,,,,,,,,,,,,,,,,,
,Queries per second,67823.78659,69596.12533,69864.04889,71314.71036,69384.93145,67823.78659,71314.71036,69596.72052,,,,,,,,,,,,,,,,,,,,,,,,,,,,
,Average Latency (s),0.001449,0.001411,0.001408,0.00138,0.001417,0.00138,0.001449,0.001413,,,,,,,,,,,,,,,,,,,,,,,,,,,,
,Min Latency (s),0.000024,0.000027,0.000027,0.000024,0.000029,0.000024,0.000029,0.0000262,,,,,,,,,,,,,,,,,,,,,,,,,,,,
,Max Latency (s),0.007236,0.006603,0.004646,0.006526,0.005409,0.004646,0.007236,0.006084,,,,,,,,,,,,,,,,,,,,,,,,,,,,
,Latency StdDev (s),0.000274,0.000271,0.000264,0.000249,0.000256,0.000249,0.000274,0.0002628,,,,,,,,,,,,,,,,,,,,,,,,,,,,
